Customer_ID,Comment
1,I love this product! The performance is amazing and the battery lasts long.
2,"Not satisfied with the quality, the screen broke after one week."
3,"Fast shipping, excellent service, and the product works great."
4,The product is okay but not as described. It feels cheap.
5,Highly recommend this product! It exceeded my expectations in every way.
6,The worst purchase I've ever made. Would not buy again.
7,Great value for money. Will definitely buy from this brand again.
8,Product arrived late and was damaged. Very disappointed.
9,"Amazing sound quality, and the customer service was very helpful."
10,This item is exactly what I needed. Very pleased with the purchase.
11,Terrible customer service. Never buying from here again.
12,The quality of the material is poor and it doesn’t look durable.
13,Excellent performance and quick delivery. Highly satisfied.
14,The packaging was damaged but the product is fine.
15,"Great product, but it was out of stock for too long."
16,The color is not as expected. I will be returning it.
17,"Good value, but the instructions were unclear."
18,Received the wrong item. Very frustrating experience.
19,Exceeded expectations! Will definitely recommend to friends.
20,"Battery life is shorter than advertised, but it works fine overall."
21,Fantastic service and quick response from the seller.
22,It feels solid and well-built. Happy with the purchase.
23,"The installation process was difficult, but the product works well."
24,"Arrived earlier than expected, and the performance is great."
25,Poor quality control. I received a defective unit.
26,"Amazing design, but the functionality is limited."
27,"It does the job, but there are better options out there."
28,The product is overpriced for what it offers.
29,Perfect for what I need. Would buy again.
30,Customer support was unhelpful and rude. Avoid this seller.
31,"The size is smaller than described, but I like it."
32,Very durable and reliable. Highly recommend it.
33,"The performance is sluggish, and the software is buggy."
34,Excellent build quality and feels premium.
35,"The buttons are hard to press, and it’s uncomfortable to use."
36,Easy setup and it works perfectly. Great buy!
37,"The battery drains quickly, but it charges fast."
38,"Shipping took forever, but the product is decent."
39,Fantastic! The design and features are top-notch.
40,"Cheap materials, and it stopped working after a month."
41,"The screen resolution is excellent, but the sound is weak."
42,Really happy with the overall experience and quality.
43,"It’s functional, but I wouldn’t buy it again."
44,"Great product, but it came with a small scratch."
45,"The display is bright and clear, but it overheats quickly."
46,"Customer service was slow, but they resolved my issue."
47,"I wish it had more features, but it’s good for the price."
48,"The fit is perfect, and it’s very comfortable."
49,"Looks good, but the build quality is questionable."
